Student Id,01-Dec,02-Dec,03-Dec,04-Dec,05-Dec,06-Dec,07-Dec,08-Dec,09-Dec,10-Dec,11-Dec,12-Dec,13-Dec,14-Dec,15-Dec,16-Dec,17-Dec,18-Dec,19-Dec,20-Dec,21-Dec,22-Dec,23-Dec,24-Dec,25-Dec,26-Dec,27-Dec,28-Dec,29-Dec,30-Dec,31-Dec
1,Absent,Absent,Absent,Absent,Absent,Absent,Absent,Absent,Absent,Absent,Absent,Absent,Absent,Absent,Absent,Absent,Absent,Absent,Absent,Absent,Absent,Absent,Absent,Absent,Absent,Absent,Absent,Absent,Absent,Absent,Absent
2,Absent,Absent,Absent,Absent,Absent,Absent,Absent,Absent,Absent,Absent,Absent,Absent,Absent,Absent,Absent,Absent,Absent,Absent,Absent,Absent,Absent,Absent,Absent,Absent,Absent,Absent,Absent,Absent,Absent,Absent,Absent
3,Absent,Absent,Absent,Absent,Absent,Absent,Absent,Absent,Absent,Absent,Absent,Absent,Absent,Absent,Absent,Absent,Absent,Absent,Absent,Absent,Absent,Absent,Absent,Absent,Absent,Absent,Absent,Absent,Absent,Absent,Absent
4,Absent,Absent,Absent,Absent,Absent,Absent,Absent,Absent,Absent,Absent,Absent,Absent,Absent,Absent,Absent,Absent,Absent,Absent,Absent,Absent,Absent,Absent,Absent,Absent,Absent,Absent,Absent,Absent,Absent,Absent,Absent
5,Absent,Absent,Absent,Absent,Absent,Absent,Absent,Absent,Absent,Absent,Absent,Absent,Absent,Absent,Absent,Absent,Absent,Absent,Absent,Absent,Absent,Absent,Absent,Absent,Absent,Absent,Absent,Absent,Absent,Absent,Absent
6,Absent,Absent,Absent,Absent,Absent,Absent,Absent,Absent,Absent,Absent,Absent,Absent,Absent,Absent,Absent,Absent,Absent,Absent,Absent,Absent,Absent,Absent,Absent,Absent,Absent,Absent,Absent,Absent,Absent,Absent,Absent
7,Absent,Absent,Absent,Absent,Absent,Absent,Absent,Absent,Absent,Absent,Absent,Absent,Absent,Absent,Absent,Absent,Absent,Absent,Absent,Absent,Absent,Absent,Absent,Absent,Absent,Absent,Absent,Absent,Absent,Absent,Absent
8,Absent,Absent,Absent,Absent,Absent,Absent,Absent,Absent,Absent,Absent,Absent,Absent,Absent,Absent,Absent,Absent,Absent,Absent,Absent,Absent,Absent,Absent,Absent,Absent,Absent,Absent,Absent,Absent,Absent,Absent,Absent
9,Absent,Absent,Absent,Absent,Absent,Absent,Absent,Absent,Absent,Absent,Absent,Absent,Absent,Absent,Absent,Absent,Absent,Absent,Absent,Absent,Absent,Absent,Absent,Absent,Absent,Absent,Absent,Absent,Absent,Absent,Absent
10,Absent,Absent,Absent,Absent,Absent,Absent,Absent,Absent,Absent,Absent,Absent,Absent,Absent,Absent,Absent,Absent,Absent,Absent,Absent,Absent,Absent,Absent,Absent,Absent,Absent,Absent,Absent,Absent,Absent,Absent,Absent
11,Absent,Absent,Absent,Absent,Absent,Absent,Absent,Absent,Absent,Absent,Absent,Absent,Absent,Absent,Absent,Absent,Absent,Absent,Absent,Absent,Absent,Absent,Absent,Absent,Absent,Absent,Absent,Absent,Absent,Absent,Absent
12,Absent,Absent,Absent,Absent,Absent,Absent,Absent,Absent,Absent,Absent,Absent,Absent,Absent,Absent,Absent,Absent,Absent,Absent,Absent,Absent,Absent,Absent,Absent,Absent,Absent,Absent,Absent,Absent,Absent,Absent,Absent
13,Absent,Absent,Absent,Absent,Absent,Absent,Absent,Absent,Absent,Absent,Absent,Absent,Absent,Absent,Absent,Absent,Absent,Absent,Absent,Absent,Absent,Absent,Absent,Absent,Absent,Absent,Absent,Absent,Absent,Absent,Absent
14,Absent,Absent,Absent,Absent,Absent,Absent,Absent,Absent,Absent,Absent,Absent,Absent,Absent,Absent,Absent,Absent,Absent,Absent,Absent,Absent,Absent,Absent,Absent,Absent,Absent,Absent,Absent,Absent,Absent,Absent,Absent
15,Absent,Absent,Absent,Absent,Absent,Absent,Absent,Absent,Absent,Absent,Absent,Absent,Absent,Absent,Absent,Absent,Absent,Absent,Absent,Absent,Absent,Absent,Absent,Absent,Absent,Absent,Absent,Absent,Absent,Absent,Absent
16,Absent,Absent,Absent,Absent,Absent,Absent,Absent,Absent,Absent,Absent,Absent,Absent,Absent,Absent,Absent,Absent,Absent,Absent,Absent,Absent,Absent,Absent,Absent,Absent,Absent,Absent,Absent,Absent,Absent,Absent,Absent
17,Absent,Absent,Absent,Absent,Absent,Absent,Absent,Absent,Absent,Absent,Absent,Absent,Absent,Absent,Absent,Absent,Absent,Absent,Absent,Absent,Absent,Absent,Absent,Absent,Absent,Absent,Absent,Absent,Absent,Absent,Absent
18,Absent,Absent,Absent,Absent,Absent,Absent,Absent,Absent,Absent,Absent,Absent,Absent,Absent,Absent,Absent,Absent,Absent,Absent,Absent,Absent,Absent,Absent,Absent,Absent,Absent,Absent,Absent,Absent,Absent,Absent,Absent
19,Absent,Absent,Absent,Absent,Absent,Absent,Absent,Absent,Absent,Absent,Absent,Absent,Absent,Absent,Absent,Absent,Absent,Absent,Absent,Absent,Absent,Absent,Absent,Absent,Absent,Absent,Absent,Absent,Absent,Absent,Absent
20,Absent,Absent,Absent,Absent,Absent,Absent,Absent,Absent,Absent,Absent,Absent,Absent,Absent,Absent,Absent,Absent,Absent,Absent,Absent,Absent,Absent,Absent,Absent,Absent,Absent,Absent,Absent,Absent,Absent,Absent,Absent
21,Absent,Absent,Absent,Absent,Absent,Absent,Absent,Absent,Absent,Absent,Absent,Absent,Absent,Absent,Absent,Absent,Absent,Absent,Absent,Absent,Absent,Absent,Absent,Absent,Absent,Absent,Absent,Absent,Absent,Absent,Absent
22,Absent,Absent,Absent,Absent,Absent,Absent,Absent,Absent,Absent,Absent,Absent,Absent,Absent,Absent,Absent,Absent,Absent,Absent,Absent,Absent,Absent,Absent,Absent,Absent,Absent,Absent,Absent,Absent,Absent,Absent,Absent
23,Absent,Absent,Absent,Absent,Absent,Absent,Absent,Absent,Absent,Absent,Absent,Absent,Absent,Absent,Absent,Absent,Absent,Absent,Absent,Absent,Absent,Absent,Absent,Absent,Absent,Absent,Absent,Absent,Absent,Absent,Absent
24,Absent,Absent,Absent,Absent,Absent,Absent,Absent,Absent,Absent,Absent,Absent,Absent,Absent,Absent,Absent,Absent,Absent,Absent,Absent,Absent,Absent,Absent,Absent,Absent,Absent,Absent,Absent,Absent,Absent,Absent,Absent
25,Absent,Absent,Absent,Absent,Absent,Absent,Absent,Absent,Absent,Absent,Absent,Absent,Absent,Absent,Absent,Absent,Absent,Absent,Absent,Absent,Absent,Absent,Absent,Absent,Absent,Absent,Absent,Absent,Absent,Absent,Absent
26,Absent,Absent,Absent,Absent,Absent,Absent,Absent,Absent,Absent,Absent,Absent,Absent,Absent,Absent,Absent,Absent,Absent,Absent,Absent,Absent,Absent,Absent,Absent,Absent,Absent,Absent,Absent,Absent,Absent,Absent,Absent
27,Absent,Absent,Absent,Absent,Absent,Absent,Absent,Absent,Absent,Absent,Absent,Absent,Absent,Absent,Absent,Absent,Absent,Absent,Absent,Absent,Absent,Absent,Absent,Absent,Absent,Absent,Absent,Absent,Absent,Absent,Absent
28,Absent,Absent,Absent,Absent,Absent,Absent,Absent,Absent,Absent,Absent,Absent,Absent,Absent,Absent,Absent,Absent,Absent,Absent,Absent,Absent,Absent,Absent,Absent,Absent,Absent,Absent,Absent,Absent,Absent,Absent,Absent
29,Absent,Absent,Absent,Absent,Absent,Absent,Absent,Absent,Absent,Absent,Absent,Absent,Absent,Absent,Absent,Absent,Absent,Absent,Absent,Absent,Absent,Absent,Absent,Absent,Absent,Absent,Absent,Absent,Absent,Absent,Absent
30,Absent,Absent,Absent,Absent,Absent,Absent,Absent,Absent,Absent,Absent,Absent,Absent,Absent,Absent,Absent,Absent,Absent,Absent,Absent,Absent,Absent,Absent,Absent,Absent,Absent,Absent,Absent,Absent,Absent,Absent,Absent
31,Absent,Absent,Absent,Absent,Absent,Absent,Absent,Absent,Absent,Absent,Absent,Absent,Absent,Absent,Absent,Absent,Absent,Absent,Absent,Absent,Absent,Absent,Absent,Absent,Absent,Absent,Absent,Absent,Absent,Absent,Absent
32,Absent,Absent,Absent,Absent,Absent,Absent,Absent,Absent,Absent,Absent,Absent,Absent,Absent,Absent,Absent,Absent,Absent,Absent,Absent,Absent,Absent,Absent,Absent,Absent,Absent,Absent,Absent,Absent,Absent,Absent,Absent
33,Absent,Absent,Absent,Absent,Absent,Absent,Absent,Absent,Absent,Absent,Absent,Absent,Absent,Absent,Absent,Absent,Absent,Absent,Absent,Absent,Absent,Absent,Absent,Absent,Absent,Absent,Absent,Absent,Absent,Absent,Absent
34,Absent,Absent,Absent,Absent,Absent,Absent,Absent,Absent,Absent,Absent,Absent,Absent,Absent,Absent,Absent,Absent,Absent,Absent,Absent,Absent,Absent,Absent,Absent,Absent,Absent,Absent,Absent,Absent,Absent,Absent,Absent
35,Absent,Absent,Absent,Absent,Absent,Absent,Absent,Absent,Absent,Absent,Absent,Absent,Absent,Absent,Absent,Absent,Absent,Absent,Absent,Absent,Absent,Absent,Absent,Absent,Absent,Absent,Absent,Absent,Absent,Absent,Absent
36,Absent,Absent,Absent,Absent,Absent,Absent,Absent,Absent,Absent,Absent,Absent,Absent,Absent,Absent,Absent,Absent,Absent,Absent,Absent,Absent,Absent,Absent,Absent,Absent,Absent,Absent,Absent,Absent,Absent,Absent,Absent
37,Absent,Absent,Absent,Absent,Absent,Absent,Absent,Absent,Absent,Absent,Absent,Absent,Absent,Absent,Absent,Absent,Absent,Absent,Absent,Absent,Absent,Absent,Absent,Absent,Absent,Absent,Absent,Absent,Absent,Absent,Absent
38,Absent,Absent,Absent,Absent,Absent,Absent,Absent,Absent,Absent,Absent,Absent,Absent,Absent,Absent,Absent,Absent,Absent,Absent,Absent,Absent,Absent,Absent,Absent,Absent,Absent,Absent,Absent,Absent,Absent,Absent,Absent
39,Absent,Absent,Absent,Absent,Absent,Absent,Absent,Absent,Absent,Absent,Absent,Absent,Absent,Absent,Absent,Absent,Absent,Absent,Absent,Absent,Absent,Absent,Absent,Absent,Absent,Absent,Absent,Absent,Absent,Absent,Absent
40,Absent,Absent,Absent,Absent,Absent,Absent,Absent,Absent,Absent,Absent,Absent,Absent,Absent,Absent,Absent,Absent,Absent,Absent,Absent,Absent,Absent,Absent,Absent,Absent,Absent,Absent,Absent,Absent,Absent,Absent,Absent
41,Absent,Absent,Absent,Absent,Absent,Absent,Absent,Absent,Absent,Absent,Absent,Absent,Absent,Absent,Absent,Absent,Absent,Absent,Absent,Absent,Absent,Absent,Absent,Absent,Absent,Absent,Absent,Absent,Absent,Absent,Absent
42,Absent,Absent,Absent,Absent,Absent,Absent,Absent,Absent,Absent,Absent,Absent,Absent,Absent,Absent,Absent,Absent,Absent,Absent,Absent,Absent,Absent,Absent,Absent,Absent,Absent,Absent,Absent,Absent,Absent,Absent,Absent
43,Absent,Absent,Absent,Absent,Absent,Absent,Absent,Absent,Absent,Absent,Absent,Absent,Absent,Absent,Absent,Absent,Absent,Absent,Absent,Absent,Absent,Absent,Absent,Absent,Absent,Absent,Absent,Absent,Absent,Absent,Absent
44,Absent,Absent,Absent,Absent,Absent,Absent,Absent,Absent,Absent,Absent,Absent,Absent,Absent,Absent,Absent,Absent,Absent,Absent,Absent,Absent,Absent,Absent,Absent,Absent,Absent,Absent,Absent,Absent,Absent,Absent,Absent
45,Absent,Absent,Absent,Absent,Absent,Absent,Absent,Absent,Absent,Absent,Absent,Absent,Absent,Absent,Absent,Absent,Absent,Absent,Absent,Absent,Absent,Absent,Absent,Absent,Absent,Absent,Absent,Absent,Absent,Absent,Absent
46,Absent,Absent,Absent,Absent,Absent,Absent,Absent,Absent,Absent,Absent,Absent,Absent,Absent,Absent,Absent,Absent,Absent,Absent,Absent,Absent,Absent,Absent,Absent,Absent,Absent,Absent,Absent,Absent,Absent,Absent,Absent
47,Absent,Absent,Absent,Absent,Absent,Absent,Absent,Absent,Absent,Absent,Absent,Absent,Absent,Absent,Absent,Absent,Absent,Absent,Absent,Absent,Absent,Absent,Absent,Absent,Absent,Absent,Absent,Absent,Absent,Absent,Absent
48,Absent,Absent,Absent,Absent,Absent,Absent,Absent,Absent,Absent,Absent,Absent,Absent,Absent,Absent,Absent,Absent,Absent,Absent,Absent,Absent,Absent,Absent,Absent,Absent,Absent,Absent,Absent,Absent,Absent,Absent,Absent
49,Absent,Absent,Absent,Absent,Absent,Absent,Absent,Absent,Absent,Absent,Absent,Absent,Absent,Absent,Absent,Absent,Absent,Absent,Absent,Absent,Absent,Absent,Absent,Absent,Absent,Absent,Absent,Absent,Absent,Absent,Absent
50,Absent,Absent,Absent,Absent,Absent,Absent,Absent,Absent,Absent,Absent,Absent,Absent,Absent,Absent,Absent,Absent,Absent,Absent,Absent,Absent,Absent,Absent,Absent,Absent,Absent,Absent,Absent,Absent,Absent,Absent,Absent
51,Absent,Absent,Absent,Absent,Absent,Absent,Absent,Absent,Absent,Absent,Absent,Absent,Absent,Absent,Absent,Absent,Absent,Absent,Absent,Absent,Absent,Absent,Absent,Absent,Absent,Absent,Absent,Absent,Absent,Absent,Absent
52,Absent,Absent,Absent,Absent,Absent,Absent,Absent,Absent,Absent,Absent,Absent,Absent,Absent,Absent,Absent,Absent,Absent,Absent,Absent,Absent,Absent,Absent,Absent,Absent,Absent,Absent,Absent,Absent,Absent,Absent,Absent
53,Absent,Absent,Absent,Absent,Absent,Absent,Absent,Absent,Absent,Absent,Absent,Absent,Absent,Absent,Absent,Absent,Absent,Absent,Absent,Absent,Absent,Absent,Absent,Absent,Absent,Absent,Absent,Absent,Absent,Absent,Absent
54,Absent,Absent,Absent,Absent,Absent,Absent,Absent,Absent,Absent,Absent,Absent,Absent,Absent,Absent,Absent,Absent,Absent,Absent,Absent,Absent,Absent,Absent,Absent,Absent,Absent,Absent,Absent,Absent,Absent,Absent,Absent
55,Absent,Absent,Absent,Absent,Absent,Absent,Absent,Absent,Absent,Absent,Absent,Absent,Absent,Absent,Absent,Absent,Absent,Absent,Absent,Absent,Absent,Absent,Absent,Absent,Absent,Absent,Absent,Absent,Absent,Absent,Absent
56,Absent,Absent,Absent,Absent,Absent,Absent,Absent,Absent,Absent,Absent,Absent,Absent,Absent,Absent,Absent,Absent,Absent,Absent,Absent,Absent,Absent,Absent,Absent,Absent,Absent,Absent,Absent,Absent,Absent,Absent,Absent
57,Absent,Absent,Absent,Absent,Absent,Absent,Absent,Absent,Absent,Absent,Absent,Absent,Absent,Absent,Absent,Absent,Absent,Absent,Absent,Absent,Absent,Absent,Absent,Absent,Absent,Absent,Absent,Absent,Absent,Absent,Absent
58,Absent,Absent,Absent,Absent,Absent,Absent,Absent,Absent,Absent,Absent,Absent,Absent,Absent,Absent,Absent,Absent,Absent,Absent,Absent,Absent,Absent,Absent,Absent,Absent,Absent,Absent,Absent,Absent,Absent,Absent,Absent
59,Absent,Absent,Absent,Absent,Absent,Absent,Absent,Absent,Absent,Absent,Absent,Absent,Absent,Absent,Absent,Absent,Absent,Absent,Absent,Absent,Absent,Absent,Absent,Absent,Absent,Absent,Absent,Absent,Absent,Absent,Absent
60,Absent,Absent,Absent,Absent,Absent,Absent,Absent,Absent,Absent,Absent,Absent,Absent,Absent,Absent,Absent,Absent,Absent,Absent,Absent,Absent,Absent,Absent,Absent,Absent,Absent,Absent,Absent,Absent,Absent,Absent,Absent
